<?xml version="1.0" encoding="UTF-8"?>
<!DOCTYPE mapper PUBLIC "-//mybatis.org//DTD Mapper 3.0//EN"
"http://mybatis.org/dtd/mybatis-3-mapper.dtd">
<mapper namespace="com.team.marketd.persistence.NoticeService_Mapper">

	<!-- 공지사항 목록 -->
	<select id="selectNoticeList" parameterType="Integer" resultType="nv" >
		select * from NOTICE32 where ndelyn='N' order by nidx desc limit #{page},10
		 
		 
 	</select>
	
	<!-- 공지사항 작성 -->
	<insert id="insertNotice" parameterType = "HashMap">
				insert into NOTICE32(midx, nsubject, ncontent)
				values(#{midx}, #{nsubject}, #{ncontent})
	</insert>

	<!-- 공지사항 내용 보기 -->
	<select id="selectNoticeOne" parameterType="Integer" resultType="nv">
		select * from NOTICE32 where nidx = #{nidx}
	</select>

	<!-- 공지 사항 삭제  -->
	<update id="deleteNotice" parameterType="Integer">
		update NOTICE32 set ndelyn='Y', nupdate=now()  where ndelyn='N' and nidx=#{nidx}
	</update>
	
	<!-- 공지사항 페이징용 토탈 -->
	<select id="selectNoticeTotal" resultType="Integer">
		select count(*) from NOTICE32 where ndelyn='N'
	</select>
	
</mapper>