<?xml version="1.0" encoding="UTF-8"?>
<!DOCTYPE configuration PUBLIC "-//mybatis.org//DTD config 3.0//EN" "http://mybatis.org/dtd/mybatis-3-config.dtd">
  
  <configuration>   
    <typeAliases> 
		<typeAlias alias="mv" type="com.team.marketd.domain.MemberVo"/>
		<typeAlias alias="cv" type="com.team.marketd.domain.CommentVo"/>
		<typeAlias alias="pv" type="com.team.marketd.domain.ProductVo"/>
		<typeAlias alias="dv" type="com.team.marketd.domain.DeliveryVo"/>
		<typeAlias alias="ov" type="com.team.marketd.domain.OrderVo"/>
		<typeAlias alias="psdto" type="com.team.marketd.domain.PaymentSaleDTO"/>
		<typeAlias alias="scv" type="com.team.marketd.domain.ShoppingCartVo"/>
		<typeAlias alias="nv" type="com.team.marketd.domain.NoticeVo"/>
		<typeAlias alias="qv" type="com.team.marketd.domain.QuestionVo"/>
		
 	 </typeAliases> 
 </configuration>